video_path,n_frames
./sample/v_0FTaJwbFdZI.hdf5,5089
./sample/v_0FTaJwbFdZI.hdf5,5089
./sample/v_0FTaJwbFdZI.hdf5,5089
./sample/v_0FTaJwbFdZI.hdf5,5089
./sample/v_0FTaJwbFdZI.hdf5,5089
./sample/v_0FTaJwbFdZI.hdf5,5089
./sample/v_0FTaJwbFdZI.hdf5,5089
./sample/v_0FTaJwbFdZI.hdf5,5089
./sample/v_0FTaJwbFdZI.hdf5,5089
./sample/v_0FTaJwbFdZI.hdf5,5089
./sample/v_0FTaJwbFdZI.hdf5,5089
./sample/v_0FTaJwbFdZI.hdf5,5089
./sample/v_0FTaJwbFdZI.hdf5,5089
./sample/v_0FTaJwbFdZI.hdf5,5089
./sample/v_0FTaJwbFdZI.hdf5,5089
./sample/v_0FTaJwbFdZI.hdf5,5089